wallet,n_pairs,top_pair_trades,total_pair_trades,total_pair_volume_eth,top_pair_tokens,pct_own_max,intensity_max,partners,round_trips_total,ring_appearances,ring_tokens,self_sale_eth,funder,funder_tag,avg_price_per_trade,flag_selfsale,flag_pingpong,flag_ring,flag_concentration,flag_attributed,detectors_fired,confidence,structure_type,collection_focus
0x18a4489a739ac9835da14e006b35d65040e53a4a,2,74,113,377808,2,57,39,0x25de83caa6a2c4a07f7b4718faf5aa06d880c0cf| 0xf1ddb5dacc5a916842aae0a6fbe59c36f97bd940,54,3,2,5239,0x534c8bc9781a8072b524b853147a69bc6bf2b552,luca.eth,3343.433628318584,1,1,1,1,1,5,high,ring_member,Meebits
0xf1ddb5dacc5a916842aae0a6fbe59c36f97bd940,1,74,74,293524,2,78,37,0x18a4489a739ac9835da14e006b35d65040e53a4a,36,3,2,,,,3966.5405405405404,0,1,1,1,0,3,high,ring_member,Meebits
0x86cd4467b6baef4b0e34b9508d788483f64a4bb9,1,117,117,205983,1,98,117,0xb6a684ce14addc0b0daad766424f3e28b49503a5,58,,,,0xb0449ec1a8a60f95322617d6ed52e1ba1a7beb49,,1760.5384615384614,0,1,0,1,1,3,high,bilateral_mill,Meebits
0xb6a684ce14addc0b0daad766424f3e28b49503a5,1,117,117,205983,1,98,117,0x86cd4467b6baef4b0e34b9508d788483f64a4bb9,58,,,,0xb0449ec1a8a60f95322617d6ed52e1ba1a7beb49,,1760.5384615384614,0,1,0,1,1,3,high,bilateral_mill,Meebits
0x8ce0d9060263b1b5ad3eff2e1e21736b5ef36936,1,265,265,161094,1,100,265,0xea19b97a1523ba7796c3c9075b243e14d3995474,132,,,,0xaf69aad6588982708d81f7d58c5e432e5b95c968,,607.9018867924528,0,1,0,1,1,3,high,bilateral_mill,Meebits
0xea19b97a1523ba7796c3c9075b243e14d3995474,1,265,265,161094,1,100,265,0x8ce0d9060263b1b5ad3eff2e1e21736b5ef36936,132,,,,0xaf69aad6588982708d81f7d58c5e432e5b95c968,,607.9018867924528,0,1,0,1,1,3,high,bilateral_mill,Meebits
0xfd12d178ac2c1854129aaa2428164687f1d14eca,2,146,250,152981,2,58,73,0x16033a8ebe3803056e40ccb3720f02440b2422b0| 0x8b3383ffb325e3169c26b0d9cd6d0ae8c48f6331,124,1,1,,,,611.924,0,1,1,1,0,3,high,ring_member,Meebits
0x16033a8ebe3803056e40ccb3720f02440b2422b0,1,146,146,96003,2,97,73,0xfd12d178ac2c1854129aaa2428164687f1d14eca,73,1,1,,,,657.554794520548,0,1,1,1,0,3,high,ring_member,Meebits
0x25de83caa6a2c4a07f7b4718faf5aa06d880c0cf,1,39,39,84284,1,100,39,0x18a4489a739ac9835da14e006b35d65040e53a4a,18,,,,0x534c8bc9781a8072b524b853147a69bc6bf2b552,luca.eth,2161.128205128205,0,1,0,1,1,3,high,concentrated_pair,Meebits
0x26fd02908adc0df38d33c9d36f02ae5fe847362a,2,196,311,57805,4,63,49,0x845291611c8688e5a9ad2850536dd0f6980b6125| 0xe6f3fd8abb61ca6417d386e67e9596c3492d49a4,152,2,2,,,,185.86816720257235,0,1,1,1,0,3,high,ring_member,Terraforms
0x8b3383ffb325e3169c26b0d9cd6d0ae8c48f6331,1,104,104,56978,2,95,52,0xfd12d178ac2c1854129aaa2428164687f1d14eca,51,1,1,,,,547.8653846153846,0,1,1,1,0,3,high,ring_member,Meebits
0x0abd70eb980a55d9221e186b9b150539166fc679,1,69,69,55300,1,100,69,0xaddb186047b8fd97d64c808f0b8df6589376f256,34,,,,0xaa94e8ca22ec75d41927e3af4797eb8dd97605d3,,801.4492753623189,0,1,0,1,1,3,high,bilateral_mill,Meebits
0xaddb186047b8fd97d64c808f0b8df6589376f256,1,69,69,55300,1,100,69,0x0abd70eb980a55d9221e186b9b150539166fc679,34,,,,0xaa94e8ca22ec75d41927e3af4797eb8dd97605d3,,801.4492753623189,0,1,0,1,1,3,high,bilateral_mill,Meebits
0x845291611c8688e5a9ad2850536dd0f6980b6125,2,196,224,41826,4,88,49,0x26fd02908adc0df38d33c9d36f02ae5fe847362a| 0xe6f3fd8abb61ca6417d386e67e9596c3492d49a4,111,2,2,,,,186.72321428571428,0,1,1,1,0,3,high,ring_member,Loot
0xe6f3fd8abb61ca6417d386e67e9596c3492d49a4,3,115,163,29989,4,71,29,0x26fd02908adc0df38d33c9d36f02ae5fe847362a| 0x845291611c8688e5a9ad2850536dd0f6980b6125| 0xa43c01f5106ce315db2fb726028cc75b0ad1ddc7,79,2,2,,,,183.98159509202455,0,1,1,1,0,3,high,mesh_cluster,Terraforms
0xa236b5bbf42ea2b7f15dfd9704f67153201faa74,1,31,31,3901,1,100,31,0xa8a51ad712215449d125cba1dc215910df1887fc,15,,,,0x85380efdfd738075100eeca5a4870fd15af1d5ff,,125.83870967741936,0,1,0,1,1,3,high,concentrated_pair,Meebits
0xa8a51ad712215449d125cba1dc215910df1887fc,1,31,31,3901,1,100,31,0xa236b5bbf42ea2b7f15dfd9704f67153201faa74,15,,,,0x85380efdfd738075100eeca5a4870fd15af1d5ff,,125.83870967741936,0,1,0,1,1,3,high,concentrated_pair,Meebits
0x3e3a55277c0e9f2d5cd333af5eeb3785ff435a59,1,24,24,3735,1,92,24,0x6d608a93a1b86026c7f8241ee3828571ec3544fc,12,,,,0xcd00e4cb00c8c4c46cc6c1879b23f2c5b379908e,,155.625,0,1,0,1,1,3,high,concentrated_pair,Loot
0x6d608a93a1b86026c7f8241ee3828571ec3544fc,1,24,24,3735,1,100,24,0x3e3a55277c0e9f2d5cd333af5eeb3785ff435a59,12,,,,0xcd00e4cb00c8c4c46cc6c1879b23f2c5b379908e,,155.625,0,1,0,1,1,3,high,concentrated_pair,Loot
0x770f01c2bee6896a02af072737505fa2c6a39379,1,43,43,3229,1,100,43,0x7cf424acfc64bda5608de84c934c169c7e77f228,21,,,,0x70dd6bdaf87b071cc44f46e19b291cdd03ddf60f,,75.09302325581395,0,1,0,1,1,3,high,concentrated_pair,Terraforms
0x7cf424acfc64bda5608de84c934c169c7e77f228,1,43,43,3229,1,100,43,0x770f01c2bee6896a02af072737505fa2c6a39379,21,,,,0x70dd6bdaf87b071cc44f46e19b291cdd03ddf60f,,75.09302325581395,0,1,0,1,1,3,high,concentrated_pair,Terraforms
0x789655f162fe39c20c33957fe3a7c9c583e5d84f,1,23,23,2816,2,82,12,0xd91dd13c3652d798ea6b93e543103e72eef9a6b9,9,1,1,,,,122.43478260869566,0,1,1,1,0,3,high,ring_member,Meebits
0xd91dd13c3652d798ea6b93e543103e72eef9a6b9,1,23,23,2816,2,88,12,0x789655f162fe39c20c33957fe3a7c9c583e5d84f,9,1,1,,,,122.43478260869566,0,1,1,1,0,3,high,ring_member,Meebits
0x3abe35eba716e436267384c637c65fc8585c50d6,1,33,33,2012,3,70,11,0xe3dbc37f19c9496c81c6e19d656029a607193cf8,15,1,1,,,,60.96969696969697,0,1,1,1,0,3,high,ring_member,Meebits
0xe3dbc37f19c9496c81c6e19d656029a607193cf8,1,33,33,2012,3,59,11,0x3abe35eba716e436267384c637c65fc8585c50d6,15,3,2,,,,60.96969696969697,0,1,1,1,0,3,high,ring_member,Meebits
0xb00b51bf185c7da1e2b61a9d53df7bc863699274,1,25,25,1005,1,100,25,0xb00b5b48b26da7389888e01fa1eb2bbda2997d01,12,,,,0x4e1e9ef8da3e4a727beb01b26e0f9204056bd381,usem.eth,40.2,0,1,0,1,1,3,high,concentrated_pair,Terraforms
0xb00b5b48b26da7389888e01fa1eb2bbda2997d01,1,25,25,1005,1,96,25,0xb00b51bf185c7da1e2b61a9d53df7bc863699274,12,,,,0x4e1e9ef8da3e4a727beb01b26e0f9204056bd381,usem.eth,40.2,0,1,0,1,1,3,high,concentrated_pair,Terraforms
0xe18285b6ad1fe8cc73c5d2bc86ad2c1335d9f9b1,1,21,21,511,1,100,21,0xfbcb950fd13add1fe0ba95440fba0851575c617d,10,,,,0xef15f4c1a77cbbc03842fb01cec10b44e8879923,,24.333333333333332,0,1,0,1,1,3,high,concentrated_pair,Meebits
0xfbcb950fd13add1fe0ba95440fba0851575c617d,1,21,21,511,1,95,21,0xe18285b6ad1fe8cc73c5d2bc86ad2c1335d9f9b1,10,,,,0xef15f4c1a77cbbc03842fb01cec10b44e8879923,,24.333333333333332,0,1,0,1,1,3,high,concentrated_pair,Meebits
0x6ee069db6e81527bf7ba26e536913a166fba1352,1,50,50,477,1,96,50,0x88eb2863997cbae2169d9022704acf21e423b377,25,,,,0x70c2607352084a87fe51152259ba12dbe09d5c17,,9.54,0,1,0,1,1,3,high,bilateral_mill,Terraforms
0x88eb2863997cbae2169d9022704acf21e423b377,1,50,50,477,1,100,50,0x6ee069db6e81527bf7ba26e536913a166fba1352,25,,,,0x70c2607352084a87fe51152259ba12dbe09d5c17,,9.54,0,1,0,1,1,3,high,bilateral_mill,Terraforms
0x5c503df9051b1dbb941f3046cb293c97d7cef4ad,1,20,20,117,1,91,20,0xd315092b620ce48b437b03da903727a7a4b7fb10,9,1,1,,,,5.85,0,1,1,1,0,3,high,ring_member,Meebits
0xd315092b620ce48b437b03da903727a7a4b7fb10,1,20,20,117,1,91,20,0x5c503df9051b1dbb941f3046cb293c97d7cef4ad,9,1,1,,,,5.85,0,1,1,1,0,3,high,ring_member,Meebits
0xa53496b67eec749ac41b4666d63228a0fb0409cf,1,1541,1541,636464,3,100,514,0xd73e0def01246b650d8a367a4b209be59c8be8ab,770,,,,,,413.020116807268,0,1,0,1,0,2,medium,bilateral_mill,Terraforms
0xd73e0def01246b650d8a367a4b209be59c8be8ab,1,1541,1541,636464,3,100,514,0xa53496b67eec749ac41b4666d63228a0fb0409cf,770,,,,,,413.020116807268,0,1,0,1,0,2,medium,bilateral_mill,Terraforms
0x1ae35fce5942bcecca5f47d9d34d267658d6ac17,1,496,496,553749,1,100,496,0x32b8bfad45b330b81899df23ff6aac609781ce56,248,,,,,,1116.429435483871,0,1,0,1,0,2,medium,bilateral_mill,Terraforms
0x32b8bfad45b330b81899df23ff6aac609781ce56,1,496,496,553749,1,100,496,0x1ae35fce5942bcecca5f47d9d34d267658d6ac17,248,,,,,,1116.429435483871,0,1,0,1,0,2,medium,bilateral_mill,Terraforms
0x718a085f6d45a955395881bceff30ec97ffb1013,2,665,713,487293,3,93,222,0xc387e9e08827a80afbc0d9872220dcb5858da4cc| 0xf6764f702650eb66b2bd7368e2fef7133a8f4f80,356,,,,,,683.4403927068723,0,1,0,1,0,2,medium,bilateral_mill,Terraforms
0xf6764f702650eb66b2bd7368e2fef7133a8f4f80,1,665,665,468221,3,100,222,0x718a085f6d45a955395881bceff30ec97ffb1013,332,,,,,,704.0917293233083,0,1,0,1,0,2,medium,bilateral_mill,Terraforms
0x35d0ca92152d1fea18240d6c67c2adfe0cca287c,1,35,35,444824,16,100,2,0xa99a76dddbb9678bc33f39919bc76d279c680c89,4,,,,,,12709.257142857143,0,1,0,1,0,2,medium,concentrated_pair,Meebits
0xa99a76dddbb9678bc33f39919bc76d279c680c89,1,35,35,444824,16,81,2,0x35d0ca92152d1fea18240d6c67c2adfe0cca287c,4,,,,,,12709.257142857143,0,1,0,1,0,2,medium,concentrated_pair,Meebits
0xc803698a4be31f0b9035b6eba17623698f3e2f82,1,99,99,374732,2,100,50,0xfc95c6e764575c96ca8cd03ee9d64c9e218655a3,48,,,,,,3785.1717171717173,0,1,0,1,0,2,medium,bilateral_mill,Meebits
0xfc95c6e764575c96ca8cd03ee9d64c9e218655a3,1,99,99,374732,2,100,50,0xc803698a4be31f0b9035b6eba17623698f3e2f82,48,,,,,,3785.1717171717173,0,1,0,1,0,2,medium,bilateral_mill,Meebits
0x6165fd87c1bc73a4c44b23934e9136fd92df5b01,2,282,450,363961,3,62,94,0x0b81c1e1c53ee1eae26d6e504d28872d5d2728ef| 0x13fefdd563a930f07b1ac8a2227acc27c3c12946,220,,,,,,808.8022222222222,0,1,0,1,0,2,medium,multi_pair_operator,Meebits
0x7272b039aadebbc309a11bc8ee7e8363df33fabf,1,416,416,235415,1,100,416,0x7cdbc750bdc92fb92e1b94090289cc6db19e30c2,208,,,,,,565.9014423076923,0,1,0,1,0,2,medium,bilateral_mill,Terraforms
0x7cdbc750bdc92fb92e1b94090289cc6db19e30c2,1,416,416,235415,1,100,416,0x7272b039aadebbc309a11bc8ee7e8363df33fabf,208,,,,,,565.9014423076923,0,1,0,1,0,2,medium,bilateral_mill,Terraforms
0x13fefdd563a930f07b1ac8a2227acc27c3c12946,1,282,282,217670,3,100,94,0x6165fd87c1bc73a4c44b23934e9136fd92df5b01,139,,,,,,771.8794326241135,0,1,0,1,0,2,medium,bilateral_mill,Meebits
0x0b81c1e1c53ee1eae26d6e504d28872d5d2728ef,1,168,168,146291,3,100,56,0x6165fd87c1bc73a4c44b23934e9136fd92df5b01,81,,,,,,870.7797619047619,0,1,0,1,0,2,medium,bilateral_mill,Meebits
0x1407930f5ff83ff94532885557b334c74b3afc42,4,190,517,93373,7,37,27,0x26c01ab4efffcf017fe0392fbdf080dcb8252d80| 0x2edadfb25586b1e4d6623c7021e76a2fa595cdec| 0xc32575be004af0843d995d6139bbeb9f8085d970| 0xcaee6d433f36031b87d6e3c06395131a823314f3,180,62,7,,,,180.605415860735,0,1,1,0,0,2,medium,mesh_cluster,Meebits
0xcaee6d433f36031b87d6e3c06395131a823314f3,4,190,494,90878,7,38,27,0x1407930f5ff83ff94532885557b334c74b3afc42| 0x26c01ab4efffcf017fe0392fbdf080dcb8252d80| 0x2edadfb25586b1e4d6623c7021e76a2fa595cdec| 0xc32575be004af0843d995d6139bbeb9f8085d970,191,60,7,,,,183.96356275303643,0,1,1,0,0,2,medium,mesh_cluster,Meebits
0x2edadfb25586b1e4d6623c7021e76a2fa595cdec,4,179,500,89693,7,36,26,0x1407930f5ff83ff94532885557b334c74b3afc42| 0x26c01ab4efffcf017fe0392fbdf080dcb8252d80| 0xc32575be004af0843d995d6139bbeb9f8085d970| 0xcaee6d433f36031b87d6e3c06395131a823314f3,195,62,7,,,,179.386,0,1,1,0,0,2,medium,mesh_cluster,Meebits
0x57544b982e6f9afbefb251cc884d25707a8002f8,1,76,76,75557,2,100,38,0x6b34ff96d47e0558fe22bd80c05fdc0133515d19,37,,,,,,994.171052631579,0,1,0,1,0,2,medium,concentrated_pair,Terraforms
0x6b34ff96d47e0558fe22bd80c05fdc0133515d19,1,76,76,75557,2,100,38,0x57544b982e6f9afbefb251cc884d25707a8002f8,37,,,,,,994.171052631579,0,1,0,1,0,2,medium,concentrated_pair,Terraforms
0xa357f162fe9c383edeee81fbc905c4bc7fca166f,1,66,66,67060,20,99,3,0xe7e8b3777884b5b088453d0093f844ddff9cfd8d,23,,,,,,1016.060606060606,0,1,0,1,0,2,medium,concentrated_pair,Terraforms
0xe7e8b3777884b5b088453d0093f844ddff9cfd8d,1,66,66,67060,20,99,3,0xa357f162fe9c383edeee81fbc905c4bc7fca166f,23,,,,,,1016.060606060606,0,1,0,1,0,2,medium,concentrated_pair,Terraforms
0x349adbeb3c0c855b3eb7132f3ed616702e86465c,1,36,36,59559,1,100,36,0x857f876490b63bdc7605165e0df568ae54f72d8e,18,,,,,,1654.4166666666667,0,1,0,1,0,2,medium,concentrated_pair,Terraforms
0x857f876490b63bdc7605165e0df568ae54f72d8e,1,36,36,59559,1,100,36,0x349adbeb3c0c855b3eb7132f3ed616702e86465c,18,,,,,,1654.4166666666667,0,1,0,1,0,2,medium,concentrated_pair,Terraforms
0x26c01ab4efffcf017fe0392fbdf080dcb8252d80,3,100,271,47297,7,36,14,0x1407930f5ff83ff94532885557b334c74b3afc42| 0x2edadfb25586b1e4d6623c7021e76a2fa595cdec| 0xcaee6d433f36031b87d6e3c06395131a823314f3,95,33,7,,,,174.52767527675277,0,1,1,0,0,2,medium,mesh_cluster,Meebits
0xc01a7742c40ec01fd2836838eadde46f9d0b0099,1,144,144,45254,2,100,72,0xcd4be0574cf95c4dd863913ea5ab7e5185543217,72,,,,,,314.2638888888889,0,1,0,1,0,2,medium,bilateral_mill,Terraforms
0xcd4be0574cf95c4dd863913ea5ab7e5185543217,1,144,144,45254,2,99,72,0xc01a7742c40ec01fd2836838eadde46f9d0b0099,72,,,,,,314.2638888888889,0,1,0,1,0,2,medium,bilateral_mill,Terraforms
0x50ea421b54fb7b034449808ba511a68ff4b0d29a,1,30,30,44518,2,97,15,0x7dbb760ecfdcbfe5d425c67019966ba05a3c48ae,14,,,,,,1483.9333333333334,0,1,0,1,0,2,medium,concentrated_pair,Meebits
0x7dbb760ecfdcbfe5d425c67019966ba05a3c48ae,1,30,30,44518,2,94,15,0x50ea421b54fb7b034449808ba511a68ff4b0d29a,14,,,,,,1483.9333333333334,0,1,0,1,0,2,medium,concentrated_pair,Meebits
0xc32575be004af0843d995d6139bbeb9f8085d970,3,87,214,43603,7,40,12,0x1407930f5ff83ff94532885557b334c74b3afc42| 0x2edadfb25586b1e4d6623c7021e76a2fa595cdec| 0xcaee6d433f36031b87d6e3c06395131a823314f3,63,43,7,,,,203.75233644859813,0,1,1,0,0,2,medium,mesh_cluster,Meebits
0x1b87c47089c66820b6d07faf599ef872dd932320,1,23,23,41950,1,96,23,0xb0449ec1a8a60f95322617d6ed52e1ba1a7beb49,11,,,,,,1823.9130434782608,0,1,0,1,0,2,medium,concentrated_pair,Meebits
0xb0449ec1a8a60f95322617d6ed52e1ba1a7beb49,1,23,23,41950,1,88,23,0x1b87c47089c66820b6d07faf599ef872dd932320,11,,,,,,1823.9130434782608,0,1,0,1,0,2,medium,concentrated_pair,Meebits
0x3bfe8b28de68aba3723b801f5d0f0d10a701293c,1,91,91,35157,3,98,30,0x6e82d57018bc95ef6d8b82bdc42449f77941dc32,44,,,,,,386.34065934065933,0,1,0,1,0,2,medium,concentrated_pair,Terraforms
0x6e82d57018bc95ef6d8b82bdc42449f77941dc32,1,91,91,35157,3,97,30,0x3bfe8b28de68aba3723b801f5d0f0d10a701293c,44,,,,,,386.34065934065933,0,1,0,1,0,2,medium,concentrated_pair,Terraforms
0x98499134fd237e9a443a5b59e9ae9129f3c9f8b8,1,332,332,34517,1,100,332,0xecb793b01a1dadecb452fcca855b2f96822a9126,166,,,,,,103.96686746987952,0,1,0,1,0,2,medium,bilateral_mill,Meebits
0xecb793b01a1dadecb452fcca855b2f96822a9126,1,332,332,34517,1,100,332,0x98499134fd237e9a443a5b59e9ae9129f3c9f8b8,166,,,,,,103.96686746987952,0,1,0,1,0,2,medium,bilateral_mill,Meebits
0x30391a4f9d2f099d41888f811784281cba4097f0,1,65,65,28896,4,97,16,0x82ff9e428ad69f54f4c0251d13607af7da8bd91e,30,,,,,,444.55384615384617,0,1,0,1,0,2,medium,concentrated_pair,Meebits
0x82ff9e428ad69f54f4c0251d13607af7da8bd91e,1,65,65,28896,4,98,16,0x30391a4f9d2f099d41888f811784281cba4097f0,30,,,,,,444.55384615384617,0,1,0,1,0,2,medium,concentrated_pair,Meebits
0x0820f4612c4f657354ee9b30008ed307a2bceea7,1,100,100,22706,13,100,8,0x6ad244466777fb941917deab621e922b1feadd85,44,,,,,,227.06,0,1,0,1,0,2,medium,concentrated_pair,Terraforms
0x6ad244466777fb941917deab621e922b1feadd85,1,100,100,22706,13,100,8,0x0820f4612c4f657354ee9b30008ed307a2bceea7,44,,,,,,227.06,0,1,0,1,0,2,medium,concentrated_pair,Terraforms
0x41ebaeb7025784a336020ce969710e252c1fc3ee,1,34,34,19651,1,97,34,0xa7106b4089e6f3f267d23abc02c9a862dcd7316e,17,,,,,,577.9705882352941,0,1,0,1,0,2,medium,concentrated_pair,Meebits
0xa7106b4089e6f3f267d23abc02c9a862dcd7316e,1,34,34,19651,1,100,34,0x41ebaeb7025784a336020ce969710e252c1fc3ee,17,,,,,,577.9705882352941,0,1,0,1,0,2,medium,concentrated_pair,Meebits
0xc387e9e08827a80afbc0d9872220dcb5858da4cc,1,48,48,19072,1,100,48,0x718a085f6d45a955395881bceff30ec97ffb1013,24,,,,,,397.3333333333333,0,1,0,1,0,2,medium,concentrated_pair,Terraforms
0xa9552226ba53c5dfce2ff3cfae86d83dce529444,2,48,73,17796,1,65,48,0x1964f9cffa39ce77611b44dddd21a22290a5283c| 0x9c3d5f1330f0b872230e8ea312db9275910c8a82,36,,,,,,243.78082191780823,0,1,0,1,0,2,medium,multi_pair_operator,Meebits
0xf319fcb2fbad698057d275da35b444dff2240fed,1,50,50,17669,1,98,50,0xf58df835c8e8b59ef52ccf7385b09079d7897b77,25,,,,,,353.38,0,1,0,1,0,2,medium,bilateral_mill,Terraforms
0xf58df835c8e8b59ef52ccf7385b09079d7897b77,1,50,50,17669,1,100,50,0xf319fcb2fbad698057d275da35b444dff2240fed,25,,,,,,353.38,0,1,0,1,0,2,medium,bilateral_mill,Terraforms
0x48ad09ed9a4d3d9b76959f4d53ba0bc138fce336,1,85,85,17514,1,100,85,0x6f124a460e752eddacaa294800908393a3cad980,42,,,,,,206.04705882352943,0,1,0,1,0,2,medium,bilateral_mill,Terraforms
0x6f124a460e752eddacaa294800908393a3cad980,1,85,85,17514,1,100,85,0x48ad09ed9a4d3d9b76959f4d53ba0bc138fce336,42,,,,,,206.04705882352943,0,1,0,1,0,2,medium,bilateral_mill,Terraforms
0x37dc76ecdeaaee3755a7b8a9a54579769ddf4c35,1,24,24,15163,1,92,24,0xc8ec8df6f8b76bf2e2835a7fbb5e617f8a182420,12,,,,,,631.7916666666666,0,1,0,1,0,2,medium,concentrated_pair,Meebits
0xc8ec8df6f8b76bf2e2835a7fbb5e617f8a182420,1,24,24,15163,1,100,24,0x37dc76ecdeaaee3755a7b8a9a54579769ddf4c35,12,,,,,,631.7916666666666,0,1,0,1,0,2,medium,concentrated_pair,Meebits
0x48039cfabedc5e0d24482a6f71edcf3a75b1921f,1,44,44,14572,1,100,44,0xb08856994dd338b0db1253dcab0e5f56e27f3985,22,,,,,,331.1818181818182,0,1,0,1,0,2,medium,concentrated_pair,Meebits
0xb08856994dd338b0db1253dcab0e5f56e27f3985,1,44,44,14572,1,96,44,0x48039cfabedc5e0d24482a6f71edcf3a75b1921f,22,,,,,,331.1818181818182,0,1,0,1,0,2,medium,concentrated_pair,Meebits
0x7b3892238e64fc1e5a744183e561e581ecd509da,1,146,146,13975,1,99,146,0xd44fea8b52e6078ab26249ea3cca8af01673172b,73,,,,,,95.71917808219177,0,1,0,1,0,2,medium,bilateral_mill,Meebits
0xd44fea8b52e6078ab26249ea3cca8af01673172b,1,146,146,13975,1,100,146,0x7b3892238e64fc1e5a744183e561e581ecd509da,73,,,,,,95.71917808219177,0,1,0,1,0,2,medium,bilateral_mill,Meebits
0x1f055d883120bb393a8b0a913fbeb91667957201,1,55,55,13663,1,98,55,0x32fedea027b7eb6d42c47479de3962ccca56900d,27,,,,,,248.4181818181818,0,1,0,1,0,2,medium,bilateral_mill,Meebits
0x32fedea027b7eb6d42c47479de3962ccca56900d,1,55,55,13663,1,98,55,0x1f055d883120bb393a8b0a913fbeb91667957201,27,,,,,,248.4181818181818,0,1,0,1,0,2,medium,bilateral_mill,Meebits
0x1964f9cffa39ce77611b44dddd21a22290a5283c,1,48,48,13501,1,100,48,0xa9552226ba53c5dfce2ff3cfae86d83dce529444,24,,,,,,281.2708333333333,0,1,0,1,0,2,medium,concentrated_pair,Meebits
0x59acb0015b7c5ec9c1b955109c4ab34e4d4356a8,1,80,80,12655,1,98,80,0x6179e5e81c6833f2b55c7372d02d5d6dd2843cc4,40,,,,,,158.1875,0,1,0,1,0,2,medium,bilateral_mill,Meebits
0x6179e5e81c6833f2b55c7372d02d5d6dd2843cc4,1,80,80,12655,1,100,80,0x59acb0015b7c5ec9c1b955109c4ab34e4d4356a8,40,,,,,,158.1875,0,1,0,1,0,2,medium,bilateral_mill,Meebits
0x1beaa793c4df62246ed4af13eaf00b31dbb55a22,1,79,79,11446,1,100,79,0x85d105ca349bc896c580c711258b3a75de71f5cf,39,,,,,,144.8860759493671,0,1,0,1,0,2,medium,bilateral_mill,Meebits
0x85d105ca349bc896c580c711258b3a75de71f5cf,1,79,79,11446,1,100,79,0x1beaa793c4df62246ed4af13eaf00b31dbb55a22,39,,,,,,144.8860759493671,0,1,0,1,0,2,medium,bilateral_mill,Meebits
0x65e78d3587edecb999a15fbbf04f3e5b0fbdc9f2,1,107,107,11033,1,100,107,0x84cdda3986d8584a88ac1af647b10c63097952c4,53,,,,,,103.11214953271028,0,1,0,1,0,2,medium,bilateral_mill,Loot
0x84cdda3986d8584a88ac1af647b10c63097952c4,1,107,107,11033,1,100,107,0x65e78d3587edecb999a15fbbf04f3e5b0fbdc9f2,53,,,,,,103.11214953271028,0,1,0,1,0,2,medium,bilateral_mill,Loot
0x6341ce65a3171bec75bf6eba33eeea4a9ba59737,1,20,20,10730,2,91,10,0x84abb6c94713d77970b7dcc3143412585ba6c4d9,9,,,,,,536.5,0,1,0,1,0,2,medium,concentrated_pair,Meebits
0x84abb6c94713d77970b7dcc3143412585ba6c4d9,1,20,20,10730,2,91,10,0x6341ce65a3171bec75bf6eba33eeea4a9ba59737,9,,,,,,536.5,0,1,0,1,0,2,medium,concentrated_pair,Meebits
0x6cb748f52c47c8f12d620e009c366330fb0dea08,1,25,25,10141,3,96,8,0x6d68c0f44e86587aa443ddb12ed9f10920195ada,12,,,,,,405.64,0,1,0,1,0,2,medium,concentrated_pair,Terraforms
0x6d68c0f44e86587aa443ddb12ed9f10920195ada,1,25,25,10141,3,81,8,0x6cb748f52c47c8f12d620e009c366330fb0dea08,12,,,,,,405.64,0,1,0,1,0,2,medium,concentrated_pair,Terraforms
0x902e77345b7baf9aba47c4febdb210406995a88d,1,23,23,10130,2,100,12,0xe6410ecbaa041a5dcde79164ca66de42a8d72bee,10,,,,,,440.4347826086956,0,1,0,1,0,2,medium,concentrated_pair,Loot
0xe6410ecbaa041a5dcde79164ca66de42a8d72bee,1,23,23,10130,2,100,12,0x902e77345b7baf9aba47c4febdb210406995a88d,10,,,,,,440.4347826086956,0,1,0,1,0,2,medium,concentrated_pair,Loot
0x3448cc87a74529322337bd8ae71565171d9f728f,1,96,96,9300,9,99,11,0x614387bec1a22d428a496782c54d2fc51fc4711c,44,,,,,,96.875,0,1,0,1,0,2,medium,concentrated_pair,Loot
0x614387bec1a22d428a496782c54d2fc51fc4711c,1,96,96,9300,9,100,11,0x3448cc87a74529322337bd8ae71565171d9f728f,44,,,,,,96.875,0,1,0,1,0,2,medium,concentrated_pair,Loot
0x7158e09bbc9693811bee0cf0b8d956cdf38aad16,1,20,20,9291,1,95,20,0xe76a7b0d62af49711fcd930a2ef27c06896e69bd,10,,,,,,464.55,0,1,0,1,0,2,medium,concentrated_pair,Terraforms
0xe76a7b0d62af49711fcd930a2ef27c06896e69bd,1,20,20,9291,1,100,20,0x7158e09bbc9693811bee0cf0b8d956cdf38aad16,10,,,,,,464.55,0,1,0,1,0,2,medium,concentrated_pair,Terraforms
0x4ce73cc57943602df15fccf1ee291c5d67d38326,1,27,27,9196,1,96,27,0xd3018da893037f3046c715299ce513556784e849,13,,,,,,340.5925925925926,0,1,0,1,0,2,medium,concentrated_pair,Meebits
0xd3018da893037f3046c715299ce513556784e849,1,27,27,9196,1,100,27,0x4ce73cc57943602df15fccf1ee291c5d67d38326,13,,,,,,340.5925925925926,0,1,0,1,0,2,medium,concentrated_pair,Meebits
0x6f4fc13fc8205162d5003bb2bd2ef7a6ea1439c6,1,25,25,8619,2,100,13,0x7d21d6f8e03746bef7fb64710c1569505f76dc18,11,,,,,,344.76,0,1,0,1,0,2,medium,concentrated_pair,Loot
0x7d21d6f8e03746bef7fb64710c1569505f76dc18,1,25,25,8619,2,100,13,0x6f4fc13fc8205162d5003bb2bd2ef7a6ea1439c6,11,,,,,,344.76,0,1,0,1,0,2,medium,concentrated_pair,Loot
0x5cbc912ba172984fbb8aef4c28f31cc02d66ce19,1,71,71,8204,4,97,18,0xfbed7e15eb82a0ec39f06e766c695dd0ccd34207,34,,,,,,115.54929577464789,0,1,0,1,0,2,medium,concentrated_pair,Terraforms
0xfbed7e15eb82a0ec39f06e766c695dd0ccd34207,1,71,71,8204,4,99,18,0x5cbc912ba172984fbb8aef4c28f31cc02d66ce19,34,,,,,,115.54929577464789,0,1,0,1,0,2,medium,concentrated_pair,Terraforms
0x36209cad56c31332d575bed3e989c988c2ad8eee,1,23,23,8170,2,96,12,0x622ecd97194351253b1b2d2f02d4777ed7e2c298,11,,,,,,355.2173913043478,0,1,0,1,0,2,medium,concentrated_pair,Meebits
0x622ecd97194351253b1b2d2f02d4777ed7e2c298,1,23,23,8170,2,100,12,0x36209cad56c31332d575bed3e989c988c2ad8eee,11,,,,,,355.2173913043478,0,1,0,1,0,2,medium,concentrated_pair,Meebits
0xc269f9f50c64fec1f139e9abd196d393b0e59740,1,47,47,7692,1,100,47,0xc2ba827267af18a6e7f729d2dd9bf980e5740dd0,23,,,,,,163.6595744680851,0,1,0,1,0,2,medium,concentrated_pair,Terraforms
0xc2ba827267af18a6e7f729d2dd9bf980e5740dd0,1,47,47,7692,1,100,47,0xc269f9f50c64fec1f139e9abd196d393b0e59740,23,,,,,,163.6595744680851,0,1,0,1,0,2,medium,concentrated_pair,Terraforms
0x22ef06a21222fd7cfbaf4d2467ee084e4f7ce5b7,1,53,53,7406,1,98,53,0x3bf2644f53ae8d064e031cf2e196386f69942f83,26,,,,,,139.73584905660377,0,1,0,1,0,2,medium,bilateral_mill,Meebits
0x3bf2644f53ae8d064e031cf2e196386f69942f83,1,53,53,7406,1,98,53,0x22ef06a21222fd7cfbaf4d2467ee084e4f7ce5b7,26,,,,,,139.73584905660377,0,1,0,1,0,2,medium,bilateral_mill,Meebits
0x2345967c7b94397ccf4fd737d8f75cd46bda585d,1,37,37,7093,1,100,37,0xcacfa917d5626de6e142fee84d3ac6e710917c66,18,,,,,,191.7027027027027,0,1,0,1,0,2,medium,concentrated_pair,Terraforms
0xcacfa917d5626de6e142fee84d3ac6e710917c66,1,37,37,7093,1,100,37,0x2345967c7b94397ccf4fd737d8f75cd46bda585d,18,,,,,,191.7027027027027,0,1,0,1,0,2,medium,concentrated_pair,Terraforms
0x4dcbb1fe5983ad5b44dc661273a4f11ca812f8b8,1,32,32,7040,3,100,11,0xd7e630afcf128feb8b9071a8412914478c00c22a,15,,,,,,220,0,1,0,1,0,2,medium,concentrated_pair,Meebits
0xd7e630afcf128feb8b9071a8412914478c00c22a,1,32,32,7040,3,67,11,0x4dcbb1fe5983ad5b44dc661273a4f11ca812f8b8,15,,,,,,220,0,1,0,1,0,2,medium,concentrated_pair,Meebits
0xcbd6f0e9313007b3b888fb80d540820829197d12,1,53,53,6791,1,98,53,0xfd5ac3a49c0ffe8011028a37e876af259caba160,26,,,,,,128.1320754716981,0,1,0,1,0,2,medium,bilateral_mill,Meebits
0xfd5ac3a49c0ffe8011028a37e876af259caba160,1,53,53,6791,1,98,53,0xcbd6f0e9313007b3b888fb80d540820829197d12,26,,,,,,128.1320754716981,0,1,0,1,0,2,medium,bilateral_mill,Meebits
0x61bd518d28897ac109e520587edd3dcc58d21697,1,52,52,6651,1,96,52,0xbfa6e91d9177a365bbf9e023e1bcaaae71be132c,26,,,,,,127.90384615384616,0,1,0,1,0,2,medium,bilateral_mill,Meebits
0xbfa6e91d9177a365bbf9e023e1bcaaae71be132c,1,52,52,6651,1,100,52,0x61bd518d28897ac109e520587edd3dcc58d21697,26,,,,,,127.90384615384616,0,1,0,1,0,2,medium,bilateral_mill,Meebits
0x7bc43962fa198c89bb8f6d53e79d9c70090b8173,1,36,36,6423,1,95,36,0xe5331fab4970d7ea3bf3823dfe40fc0564909398,18,,,,,,178.41666666666666,0,1,0,1,0,2,medium,concentrated_pair,Meebits
0xe5331fab4970d7ea3bf3823dfe40fc0564909398,1,36,36,6423,1,100,36,0x7bc43962fa198c89bb8f6d53e79d9c70090b8173,18,,,,,,178.41666666666666,0,1,0,1,0,2,medium,concentrated_pair,Meebits
0xa2ab8f1ae6611b622b1272ce842bf8ad3e7b6311,1,41,41,6216,2,100,21,0xe244fa646735a0e2c4365177a168856ac49ea7a9,20,,,,,,151.609756097561,0,1,0,1,0,2,medium,concentrated_pair,Loot
0xe244fa646735a0e2c4365177a168856ac49ea7a9,1,41,41,6216,2,100,21,0xa2ab8f1ae6611b622b1272ce842bf8ad3e7b6311,20,,,,,,151.609756097561,0,1,0,1,0,2,medium,concentrated_pair,Loot
0x9785b76b20dd9b77852771c4bf16785ad8e5b242,1,45,45,5910,1,98,45,0xe3ab023c7f84207589d36872f0a25afc3c433d69,22,,,,,,131.33333333333334,0,1,0,1,0,2,medium,concentrated_pair,Meebits
0xe3ab023c7f84207589d36872f0a25afc3c433d69,1,45,45,5910,1,98,45,0x9785b76b20dd9b77852771c4bf16785ad8e5b242,22,,,,,,131.33333333333334,0,1,0,1,0,2,medium,concentrated_pair,Meebits
0x81d6e8dfde5d9ad36a0b3c303e21cf8975661ed0,1,53,53,5839,1,98,53,0xb1f07b85455be93bcac8b2179bdcabb3009ffbb9,26,,,,,,110.16981132075472,0,1,0,1,0,2,medium,bilateral_mill,Terraforms
0xb1f07b85455be93bcac8b2179bdcabb3009ffbb9,1,53,53,5839,1,98,53,0x81d6e8dfde5d9ad36a0b3c303e21cf8975661ed0,26,,,,,,110.16981132075472,0,1,0,1,0,2,medium,bilateral_mill,Terraforms
0x686da990d99b9c9cb778a6c390c33f899ec3f670,1,48,48,5837,1,100,48,0xf35716a571f529770aa400e298d14106fc8af7d6,24,,,,,,121.60416666666667,0,1,0,1,0,2,medium,concentrated_pair,Meebits
0xf35716a571f529770aa400e298d14106fc8af7d6,1,48,48,5837,1,96,48,0x686da990d99b9c9cb778a6c390c33f899ec3f670,24,,,,,,121.60416666666667,0,1,0,1,0,2,medium,concentrated_pair,Meebits
0x9d711be55d2aac3ad14f7bace70304d3b4b565d0,1,44,44,5819,1,100,44,0xb2335d5461bb8c3e85728bdb88427c7abaf93c61,22,,,,,,132.25,0,1,0,1,0,2,medium,concentrated_pair,Meebits
0xb2335d5461bb8c3e85728bdb88427c7abaf93c61,1,44,44,5819,1,96,44,0x9d711be55d2aac3ad14f7bace70304d3b4b565d0,22,,,,,,132.25,0,1,0,1,0,2,medium,concentrated_pair,Meebits
0x1bf1c8c2a4677eeb23ef22d26a59b4119c75c116,1,31,31,5737,1,100,31,0xa11308ddbe29d6a90744fcec7198bf98c4d8b203,15,,,,,,185.06451612903226,0,1,0,1,0,2,medium,concentrated_pair,Terraforms
0xa11308ddbe29d6a90744fcec7198bf98c4d8b203,1,31,31,5737,1,100,31,0x1bf1c8c2a4677eeb23ef22d26a59b4119c75c116,15,,,,,,185.06451612903226,0,1,0,1,0,2,medium,concentrated_pair,Terraforms
0x0d56bd2e07c531e92c6526962ad11fa954e63a50,1,30,30,5681,1,100,30,0xef5d775a282e44f2db520fe753c5541d7e32b57a,15,,,,,,189.36666666666667,0,1,0,1,0,2,medium,concentrated_pair,Terraforms
0xef5d775a282e44f2db520fe753c5541d7e32b57a,1,30,30,5681,1,100,30,0x0d56bd2e07c531e92c6526962ad11fa954e63a50,15,,,,,,189.36666666666667,0,1,0,1,0,2,medium,concentrated_pair,Terraforms
0x85f6d06d3d4caa52ae5464b3a814ec1d5c0df20b,1,43,43,5604,1,98,43,0x98d6368e767412f0b0462ce3e9e47ce8f5e40070,21,,,,,,130.32558139534885,0,1,0,1,0,2,medium,concentrated_pair,Meebits
0x98d6368e767412f0b0462ce3e9e47ce8f5e40070,1,43,43,5604,1,98,43,0x85f6d06d3d4caa52ae5464b3a814ec1d5c0df20b,21,,,,,,130.32558139534885,0,1,0,1,0,2,medium,concentrated_pair,Meebits
0x64b926f1edc1c332cce280b2c8f43e879b1ca7cc,1,33,33,5448,1,97,33,0xa8d7d9548accb515ff98a5e38e2e5fbd00ef78f8,16,,,,,,165.0909090909091,0,1,0,1,0,2,medium,concentrated_pair,Meebits
0xa8d7d9548accb515ff98a5e38e2e5fbd00ef78f8,1,33,33,5448,1,100,33,0x64b926f1edc1c332cce280b2c8f43e879b1ca7cc,16,,,,,,165.0909090909091,0,1,0,1,0,2,medium,concentrated_pair,Meebits
0x3726b14e9d8a09fb42c776f509535e23016cfc2b,1,47,47,5384,1,98,47,0xe0793323990b1e956a45e11300074f2ce61d18b9,23,,,,,,114.55319148936171,0,1,0,1,0,2,medium,concentrated_pair,Meebits
0xe0793323990b1e956a45e11300074f2ce61d18b9,1,47,47,5384,1,98,47,0x3726b14e9d8a09fb42c776f509535e23016cfc2b,23,,,,,,114.55319148936171,0,1,0,1,0,2,medium,concentrated_pair,Meebits
0x461a3dbe957486696ddf1147e9e0053da93571c2,1,85,85,5207,1,99,85,0x76686847a10a6d88f3bc890b4f7ab3dfad2e57d5,42,,,,,,61.258823529411764,0,1,0,1,0,2,medium,bilateral_mill,Meebits
0x76686847a10a6d88f3bc890b4f7ab3dfad2e57d5,1,85,85,5207,1,96,85,0x461a3dbe957486696ddf1147e9e0053da93571c2,42,,,,,,61.258823529411764,0,1,0,1,0,2,medium,bilateral_mill,Meebits
0xd828d238d03d80cbe54aa1c56b047dc80ad284e1,1,26,26,5171,1,93,26,0xe7be2f581decc12fbd1b2824bf541591cdaec7a3,13,,,,,,198.8846153846154,0,1,0,1,0,2,medium,concentrated_pair,Meebits
0xe7be2f581decc12fbd1b2824bf541591cdaec7a3,1,26,26,5171,1,100,26,0xd828d238d03d80cbe54aa1c56b047dc80ad284e1,13,,,,,,198.8846153846154,0,1,0,1,0,2,medium,concentrated_pair,Meebits
0x2560b0fc3c7cc12918d1418316fa4b0bcebc13fc,1,57,57,5156,1,100,57,0x944f9f9b31f4de729b60e2c0b89de7cbdd5ac878,28,,,,,,90.45614035087719,0,1,0,1,0,2,medium,bilateral_mill,Terraforms
0x944f9f9b31f4de729b60e2c0b89de7cbdd5ac878,1,57,57,5156,1,98,57,0x2560b0fc3c7cc12918d1418316fa4b0bcebc13fc,28,,,,,,90.45614035087719,0,1,0,1,0,2,medium,bilateral_mill,Terraforms
0x4b33887d2647dbe37d777934acbd252550eabe9a,1,61,61,5137,2,98,31,0x86cdba7e3b63a9fb72c1022c5da1aaf64f00ea03,30,,,,,,84.21311475409836,0,1,0,1,0,2,medium,concentrated_pair,Terraforms
0x86cdba7e3b63a9fb72c1022c5da1aaf64f00ea03,1,61,61,5137,2,80,31,0x4b33887d2647dbe37d777934acbd252550eabe9a,30,,,,,,84.21311475409836,0,1,0,1,0,2,medium,concentrated_pair,Terraforms
0x604a3ea98728ec51a37ad8b2a7541b1e3a43a805,1,34,34,4941,1,100,34,0x816d235579ce478eb9274f8c2dea48621b54892d,17,,,,,,145.3235294117647,0,1,0,1,0,2,medium,concentrated_pair,Terraforms
0x816d235579ce478eb9274f8c2dea48621b54892d,1,34,34,4941,1,100,34,0x604a3ea98728ec51a37ad8b2a7541b1e3a43a805,17,,,,,,145.3235294117647,0,1,0,1,0,2,medium,concentrated_pair,Terraforms
0x1237170368ccc4593511a885ae1af1aefc7a62a5,1,39,39,4862,1,100,39,0xb8ed6c7f1c6c29c57e512866b8e6fbc438858844,19,,,,,,124.66666666666667,0,1,0,1,0,2,medium,concentrated_pair,Terraforms
0xb8ed6c7f1c6c29c57e512866b8e6fbc438858844,1,39,39,4862,1,98,39,0x1237170368ccc4593511a885ae1af1aefc7a62a5,19,,,,,,124.66666666666667,0,1,0,1,0,2,medium,concentrated_pair,Terraforms
0x1e3d2775df5305bfbb0785d8604b91f7ddfd9b0c,1,28,28,4820,1,100,28,0x255579b0756d5f17bf6460c958ab5d0a11a34b83,14,,,,,,172.14285714285714,0,1,0,1,0,2,medium,concentrated_pair,Terraforms
0x255579b0756d5f17bf6460c958ab5d0a11a34b83,1,28,28,4820,1,100,28,0x1e3d2775df5305bfbb0785d8604b91f7ddfd9b0c,14,,,,,,172.14285714285714,0,1,0,1,0,2,medium,concentrated_pair,Terraforms
0x27cb10d612daddb5c9f7d2e8702fc9c47c78cd40,1,39,39,4808,1,98,39,0xb21a25049d2a6c5a45af5f88b7d4898284988e32,19,,,,,,123.28205128205128,0,1,0,1,0,2,medium,concentrated_pair,Meebits
0xb21a25049d2a6c5a45af5f88b7d4898284988e32,1,39,39,4808,1,98,39,0x27cb10d612daddb5c9f7d2e8702fc9c47c78cd40,19,,,,,,123.28205128205128,0,1,0,1,0,2,medium,concentrated_pair,Meebits
0x9c3d5f1330f0b872230e8ea312db9275910c8a82,1,25,25,4295,1,100,25,0xa9552226ba53c5dfce2ff3cfae86d83dce529444,12,,,,,,171.8,0,1,0,1,0,2,medium,concentrated_pair,Meebits
0x2b43aec1a9af8e63e56f9b56e4ab37348bfad139,1,86,86,4282,1,100,86,0x7fbeaca8294771734b34911a108d1e36126863fc,43,,,,,,49.7906976744186,0,1,0,1,0,2,medium,bilateral_mill,Terraforms
0x7fbeaca8294771734b34911a108d1e36126863fc,1,86,86,4282,1,100,86,0x2b43aec1a9af8e63e56f9b56e4ab37348bfad139,43,,,,,,49.7906976744186,0,1,0,1,0,2,medium,bilateral_mill,Terraforms
0x23a085fbaad21201c9b1f39e9bdf70af60f752d3,1,30,30,4240,2,100,15,0xd2d4234866d7e1aab34f83082f1a3e8fbcdd26b1,14,,,,,,141.33333333333334,0,1,0,1,0,2,medium,concentrated_pair,Terraforms
0xd2d4234866d7e1aab34f83082f1a3e8fbcdd26b1,1,30,30,4240,2,100,15,0x23a085fbaad21201c9b1f39e9bdf70af60f752d3,14,,,,,,141.33333333333334,0,1,0,1,0,2,medium,concentrated_pair,Terraforms
0x1ffc039a3db1ec4eedf66ab3fb9b467a3bc1fc9d,1,27,27,4186,1,100,27,0xdbdd6f56d75b259a59eefd7fb985d22671423d43,13,,,,,,155.03703703703704,0,1,0,1,0,2,medium,concentrated_pair,Terraforms
0xdbdd6f56d75b259a59eefd7fb985d22671423d43,1,27,27,4186,1,100,27,0x1ffc039a3db1ec4eedf66ab3fb9b467a3bc1fc9d,13,,,,,,155.03703703703704,0,1,0,1,0,2,medium,concentrated_pair,Terraforms
0xf96f521131e921047c72adf10bb6fa5c697ec034,1,38,38,4005,1,95,38,0xfb613e8adf17cb1c58ae9001f6459de91198f9bc,18,,,,,,105.39473684210526,0,1,0,1,0,2,medium,concentrated_pair,Meebits
0xfb613e8adf17cb1c58ae9001f6459de91198f9bc,1,38,38,4005,1,95,38,0xf96f521131e921047c72adf10bb6fa5c697ec034,18,,,,,,105.39473684210526,0,1,0,1,0,2,medium,concentrated_pair,Meebits
0x469adaf766fb35f1a3c2569fe8c57a50f4b39131,1,39,39,3936,1,100,39,0x9ac9dcfd23ca73f06634dc964a6c16f7e6daa986,19,,,,,,100.92307692307692,0,1,0,1,0,2,medium,concentrated_pair,Loot
0x9ac9dcfd23ca73f06634dc964a6c16f7e6daa986,1,39,39,3936,1,100,39,0x469adaf766fb35f1a3c2569fe8c57a50f4b39131,19,,,,,,100.92307692307692,0,1,0,1,0,2,medium,concentrated_pair,Loot
0x3af6713da6f79ad41a55514f3d4dad7ca226942d,1,43,43,3867,1,100,43,0x7b0533a5da47816676be232c620981d0ee20e013,21,,,,,,89.93023255813954,0,1,0,1,0,2,medium,concentrated_pair,Terraforms
0x7b0533a5da47816676be232c620981d0ee20e013,1,43,43,3867,1,100,43,0x3af6713da6f79ad41a55514f3d4dad7ca226942d,21,,,,,,89.93023255813954,0,1,0,1,0,2,medium,concentrated_pair,Terraforms
0x2a0ef2a2726f507baf3c05fbc95c7b9c3515009b,1,24,24,3748,1,92,24,0x442c061ce8eeff8ce5c5a20a35c9da7681ab002c,12,,,,,,156.16666666666666,0,1,0,1,0,2,medium,concentrated_pair,Meebits
0x442c061ce8eeff8ce5c5a20a35c9da7681ab002c,1,24,24,3748,1,100,24,0x2a0ef2a2726f507baf3c05fbc95c7b9c3515009b,12,,,,,,156.16666666666666,0,1,0,1,0,2,medium,concentrated_pair,Meebits
0x12b12085b407f449aef9ddc312d00b5738a50e1b,1,47,47,3695,1,98,47,0xe9eb93dec938b90c87563fd72c7716e35a64fd56,23,,,,,,78.61702127659575,0,1,0,1,0,2,medium,concentrated_pair,Terraforms
0xe9eb93dec938b90c87563fd72c7716e35a64fd56,1,47,47,3695,1,100,47,0x12b12085b407f449aef9ddc312d00b5738a50e1b,23,,,,,,78.61702127659575,0,1,0,1,0,2,medium,concentrated_pair,Terraforms
0x6f0ba4a2ecba44116f3da9942abee62e97bc36ed,1,73,73,2737,2,99,37,0xd6b764b822aa482913992073598c4690527a3a83,36,,,,,,37.49315068493151,0,1,0,1,0,2,medium,concentrated_pair,Loot
0xd6b764b822aa482913992073598c4690527a3a83,1,73,73,2737,2,99,37,0x6f0ba4a2ecba44116f3da9942abee62e97bc36ed,36,,,,,,37.49315068493151,0,1,0,1,0,2,medium,concentrated_pair,Loot
0xa43c01f5106ce315db2fb726028cc75b0ad1ddc7,1,20,20,2538,2,100,10,0xe6f3fd8abb61ca6417d386e67e9596c3492d49a4,10,,,,,,126.9,0,1,0,1,0,2,medium,concentrated_pair,Loot
0xc67f86944736681996d5d2b0891ece8103da5db8,1,27,27,2430,1,100,27,0xd327d751211921201277da07c556f18be8b4cf29,13,,,,,,90,0,1,0,1,0,2,medium,concentrated_pair,Meebits
0xd327d751211921201277da07c556f18be8b4cf29,1,27,27,2430,1,100,27,0xc67f86944736681996d5d2b0891ece8103da5db8,13,,,,,,90,0,1,0,1,0,2,medium,concentrated_pair,Meebits
0x247ec63eba41edecfa96a46d732c5376f437b78e,1,58,58,2367,2,100,29,0x3eb12b7e49f1a95fbd2943d1547be152883e526f,29,,,,,,40.810344827586206,0,1,0,1,0,2,medium,concentrated_pair,Meebits
0x3eb12b7e49f1a95fbd2943d1547be152883e526f,1,58,58,2367,2,95,29,0x247ec63eba41edecfa96a46d732c5376f437b78e,29,,,,,,40.810344827586206,0,1,0,1,0,2,medium,concentrated_pair,Meebits
0x2a9ebfd6d7b8ee0e167e94822c226c28888db229,1,29,29,2303,1,97,29,0xb2cb0a1e77764455d4b5964fcfcb9fd646c601ed,14,,,,,,79.41379310344827,0,1,0,1,0,2,medium,concentrated_pair,Terraforms
0xb2cb0a1e77764455d4b5964fcfcb9fd646c601ed,1,29,29,2303,1,100,29,0x2a9ebfd6d7b8ee0e167e94822c226c28888db229,14,,,,,,79.41379310344827,0,1,0,1,0,2,medium,concentrated_pair,Terraforms
0x440aae245b13201913da5da5dcd9b9d7cb3aab81,1,117,117,2300,1,100,117,0x4f13f0df25ac816d155dabc4390906d656f902bf,58,,,,,,19.65811965811966,0,1,0,1,0,2,medium,bilateral_mill,Meebits
0x4f13f0df25ac816d155dabc4390906d656f902bf,1,117,117,2300,1,100,117,0x440aae245b13201913da5da5dcd9b9d7cb3aab81,58,,,,,,19.65811965811966,0,1,0,1,0,2,medium,bilateral_mill,Meebits
0xd9ec6bef8eedcdb96c185fbb8f7fbedcb1aaf582,1,76,76,2248,2,97,38,0xebfcb12abdae1db69d0772902a5c7504cb124287,38,,,,,,29.57894736842105,0,1,0,1,0,2,medium,concentrated_pair,Meebits
0xebfcb12abdae1db69d0772902a5c7504cb124287,1,76,76,2248,2,100,38,0xd9ec6bef8eedcdb96c185fbb8f7fbedcb1aaf582,38,,,,,,29.57894736842105,0,1,0,1,0,2,medium,concentrated_pair,Meebits
0x94be13ae6223fcd742c1d749bb47baccb2b79b13,1,27,27,2239,1,96,27,0xf58e4d74db00a78878e708a4227d7bf030e6128c,13,,,,,,82.92592592592592,0,1,0,1,0,2,medium,concentrated_pair,Meebits
0xf58e4d74db00a78878e708a4227d7bf030e6128c,1,27,27,2239,1,100,27,0x94be13ae6223fcd742c1d749bb47baccb2b79b13,13,,,,,,82.92592592592592,0,1,0,1,0,2,medium,concentrated_pair,Meebits
0x8129d4010a676a660502a4770d8a97f8d1788e5f,1,23,23,2218,1,96,23,0xa683c1b815997a7fa38f6178c84675fc4c79ac2b,11,,,,,,96.43478260869566,0,1,0,1,0,2,medium,concentrated_pair,Terraforms
0xa683c1b815997a7fa38f6178c84675fc4c79ac2b,1,23,23,2218,1,100,23,0x8129d4010a676a660502a4770d8a97f8d1788e5f,11,,,,,,96.43478260869566,0,1,0,1,0,2,medium,concentrated_pair,Terraforms
0x6ea2062752fca80044899a494edf6d24d1565856,1,39,39,2194,1,100,39,0x8264ff2de194acbd7a34f2fc557195b5aa43f826,19,,,,,,56.256410256410255,0,1,0,1,0,2,medium,concentrated_pair,Terraforms
0x8264ff2de194acbd7a34f2fc557195b5aa43f826,1,39,39,2194,1,98,39,0x6ea2062752fca80044899a494edf6d24d1565856,19,,,,,,56.256410256410255,0,1,0,1,0,2,medium,concentrated_pair,Terraforms
0xad2f5d7ddfc2a1622aaf959c51bc7db8e9b3bbe6,1,46,46,2175,1,100,46,0xc05da047c6955accf3fa415f169899f34214b302,23,,,,,,47.28260869565217,0,1,0,1,0,2,medium,concentrated_pair,Terraforms
0xc05da047c6955accf3fa415f169899f34214b302,1,46,46,2175,1,98,46,0xad2f5d7ddfc2a1622aaf959c51bc7db8e9b3bbe6,23,,,,,,47.28260869565217,0,1,0,1,0,2,medium,concentrated_pair,Terraforms
0xc02caad03884c2bb5821218a82a29cdd46ef683b,1,42,42,1973,1,98,42,0xdf79b09da45ebb08ebc7834a9512e0bfa77056bb,21,,,,,,46.976190476190474,0,1,0,1,0,2,medium,concentrated_pair,Meebits
0xdf79b09da45ebb08ebc7834a9512e0bfa77056bb,1,42,42,1973,1,100,42,0xc02caad03884c2bb5821218a82a29cdd46ef683b,21,,,,,,46.976190476190474,0,1,0,1,0,2,medium,concentrated_pair,Meebits
0x2da526dd9d389f89bea8fd42c30e97d4ff7d04de,1,44,44,1801,1,94,44,0xbd5ef06f8750f784930f7bd15484c4e7176e55c0,22,,,,,,40.93181818181818,0,1,0,1,0,2,medium,concentrated_pair,Meebits
0xbd5ef06f8750f784930f7bd15484c4e7176e55c0,1,44,44,1801,1,98,44,0x2da526dd9d389f89bea8fd42c30e97d4ff7d04de,22,,,,,,40.93181818181818,0,1,0,1,0,2,medium,concentrated_pair,Meebits
0x051858fc4fe71a2c8ff254237969881be369bc9e,1,34,34,1770,1,100,34,0x48aabab1e5224540dfd31e48ded0ba6725185c93,17,,,,,,52.05882352941177,0,1,0,1,0,2,medium,concentrated_pair,Meebits
0x3aafb3888e6d4b07b6250b0327c94f5ddc991196,1,22,22,1748,1,92,22,0xafe079a7118231d0639b8b5cb3a502602d1536e7,11,,,,,,79.45454545454545,0,1,0,1,0,2,medium,concentrated_pair,Terraforms
0xafe079a7118231d0639b8b5cb3a502602d1536e7,1,22,22,1748,1,100,22,0x3aafb3888e6d4b07b6250b0327c94f5ddc991196,11,,,,,,79.45454545454545,0,1,0,1,0,2,medium,concentrated_pair,Terraforms
0x73a9a52be2a512120b5d90a5cf3ac84ce7c821f7,1,21,21,1695,1,100,21,0xfe0c4192a3fcf7b781c9adb3064d19dc40585f8d,10,,,,,,80.71428571428571,0,1,0,1,0,2,medium,concentrated_pair,Terraforms
0xfe0c4192a3fcf7b781c9adb3064d19dc40585f8d,1,21,21,1695,1,100,21,0x73a9a52be2a512120b5d90a5cf3ac84ce7c821f7,10,,,,,,80.71428571428571,0,1,0,1,0,2,medium,concentrated_pair,Terraforms
0x2ee1e6483ab36c07a7f7593cee9c8c7df7c729ac,1,43,43,1639,2,100,22,0xaeb18a774d6be15af6df72577d80939ef0dab3ce,21,,,,,,38.116279069767444,0,1,0,1,0,2,medium,concentrated_pair,Meebits
0xaeb18a774d6be15af6df72577d80939ef0dab3ce,1,43,43,1639,2,98,22,0x2ee1e6483ab36c07a7f7593cee9c8c7df7c729ac,21,,,,,,38.116279069767444,0,1,0,1,0,2,medium,concentrated_pair,Meebits
0x567fdbe66195b7e6f4cab2290bbe2d83107a3ab3,1,35,35,1529,2,100,18,0xbad4af9c8bc7eb07282c06e982eb4618e2586f3f,16,,,,,,43.68571428571428,0,1,0,1,0,2,medium,concentrated_pair,Meebits
0xbad4af9c8bc7eb07282c06e982eb4618e2586f3f,1,35,35,1529,2,90,18,0x567fdbe66195b7e6f4cab2290bbe2d83107a3ab3,16,,,,,,43.68571428571428,0,1,0,1,0,2,medium,concentrated_pair,Meebits
0x1b5abad9be9baa4e0970c917e276e868086abb0b,1,26,26,1507,1,96,26,0x4d09d314342c93f276bba49398f38886c6f80252,13,,,,,,57.96153846153846,0,1,0,1,0,2,medium,concentrated_pair,Terraforms
0x4d09d314342c93f276bba49398f38886c6f80252,1,26,26,1507,1,100,26,0x1b5abad9be9baa4e0970c917e276e868086abb0b,13,,,,,,57.96153846153846,0,1,0,1,0,2,medium,concentrated_pair,Terraforms
0x679d8c0039b68e19170aa5b0244e4dca6eafb38b,1,105,105,1456,1,100,105,0xd1070b725dca993c9ccdaf80c6e7c57d626f3f56,52,,,,,,13.866666666666667,0,1,0,1,0,2,medium,bilateral_mill,Terraforms
0xd1070b725dca993c9ccdaf80c6e7c57d626f3f56,1,105,105,1456,1,100,105,0x679d8c0039b68e19170aa5b0244e4dca6eafb38b,52,,,,,,13.866666666666667,0,1,0,1,0,2,medium,bilateral_mill,Terraforms
0x160c093f30c70f49f1490f34484ca3b09afa1dc2,1,31,31,1307,1,100,31,0x5162494293479d1e4d8fc8ea3e0d18fa0359edca,15,,,,,,42.16129032258065,0,1,0,1,0,2,medium,concentrated_pair,Terraforms
0x5162494293479d1e4d8fc8ea3e0d18fa0359edca,1,31,31,1307,1,97,31,0x160c093f30c70f49f1490f34484ca3b09afa1dc2,15,,,,,,42.16129032258065,0,1,0,1,0,2,medium,concentrated_pair,Terraforms
0x4003b5fee68a8659687a854135f61f2cb4f839b6,1,54,54,1190,3,92,18,0xb921c84a49d4dd992fb39a2cba45b0dfe8d28275,27,,,,,,22.037037037037038,0,1,0,1,0,2,medium,concentrated_pair,Meebits
0xb921c84a49d4dd992fb39a2cba45b0dfe8d28275,1,54,54,1190,3,100,18,0x4003b5fee68a8659687a854135f61f2cb4f839b6,27,,,,,,22.037037037037038,0,1,0,1,0,2,medium,concentrated_pair,Meebits
0x960f16fff5070555c0efa22f6b839ed7d5ab6094,1,32,32,1080,1,100,32,0xadeed59f446cb0a141837e8f7c22710d759cba65,16,,,,,,33.75,0,1,0,1,0,2,medium,concentrated_pair,Meebits
0xadeed59f446cb0a141837e8f7c22710d759cba65,1,32,32,1080,1,100,32,0x960f16fff5070555c0efa22f6b839ed7d5ab6094,16,,,,,,33.75,0,1,0,1,0,2,medium,concentrated_pair,Meebits
0x4ccd41e0def936f7d190045f6e56aa467391ef47,1,27,27,1052,1,100,27,0xf063ac77ff15a53044e1d94e7cced349115d9414,13,,,,,,38.96296296296296,0,1,0,1,0,2,medium,concentrated_pair,Terraforms
0xf063ac77ff15a53044e1d94e7cced349115d9414,1,27,27,1052,1,96,27,0x4ccd41e0def936f7d190045f6e56aa467391ef47,13,,,,,,38.96296296296296,0,1,0,1,0,2,medium,concentrated_pair,Terraforms
0xd3a265d9ed93464e7e2f89876f9ff0cb7b83ff27,1,27,27,1032,1,100,27,0xd7a9f29f765b1b199f2f0237d1d8690fd470f0aa,13,,,,,,38.22222222222222,0,1,0,1,0,2,medium,concentrated_pair,Meebits
0xd7a9f29f765b1b199f2f0237d1d8690fd470f0aa,1,27,27,1032,1,96,27,0xd3a265d9ed93464e7e2f89876f9ff0cb7b83ff27,13,,,,,,38.22222222222222,0,1,0,1,0,2,medium,concentrated_pair,Meebits
0x8a527369df868cc46e7f781e6ae55bb278507e4e,1,27,27,759,1,100,27,0x48aabab1e5224540dfd31e48ded0ba6725185c93,13,,,,,,28.11111111111111,0,1,0,1,0,2,medium,concentrated_pair,Meebits
0x609da301ffd5e20192a6016eafba5fa36980a53b,1,44,44,736,1,100,44,0xdb5e1a35d5ed3ff7e9bd14aaa2d58a016fd1d432,22,,,,,,16.727272727272727,0,1,0,1,0,2,medium,concentrated_pair,Terraforms
0xdb5e1a35d5ed3ff7e9bd14aaa2d58a016fd1d432,1,44,44,736,1,96,44,0x609da301ffd5e20192a6016eafba5fa36980a53b,22,,,,,,16.727272727272727,0,1,0,1,0,2,medium,concentrated_pair,Terraforms
0x1ace22a56af1ca4ca3edda6b22b1ef0007513684,1,20,20,498,1,91,20,0x910be4a2a2729894aa4550325b20928afb051a56,10,,,,,,24.9,0,1,0,1,0,2,medium,concentrated_pair,Meebits
0x910be4a2a2729894aa4550325b20928afb051a56,1,20,20,498,1,100,20,0x1ace22a56af1ca4ca3edda6b22b1ef0007513684,10,,,,,,24.9,0,1,0,1,0,2,medium,concentrated_pair,Meebits
0x13bc83435c957ef371e754dd54b8397634d425fc,1,22,22,390,1,100,22,0xa7fa0fcf03be35addd0c0ce4471a518d5534fba5,11,,,,,,17.727272727272727,0,1,0,1,0,2,medium,concentrated_pair,Terraforms
0xa7fa0fcf03be35addd0c0ce4471a518d5534fba5,1,22,22,390,1,100,22,0x13bc83435c957ef371e754dd54b8397634d425fc,11,,,,,,17.727272727272727,0,1,0,1,0,2,medium,concentrated_pair,Terraforms
0x7f3d2fcb1d78872135ea9585b354c49b63092110,1,24,24,289,1,92,24,0xdb93342558502d4f522e774eac55d71bff8e6130,12,,,,,,12.041666666666666,0,1,0,1,0,2,medium,concentrated_pair,Meebits
0xdb93342558502d4f522e774eac55d71bff8e6130,1,24,24,289,1,100,24,0x7f3d2fcb1d78872135ea9585b354c49b63092110,12,,,,,,12.041666666666666,0,1,0,1,0,2,medium,concentrated_pair,Meebits
0x30d49816074334bd6a95dfbec011c083d63404b4,1,24,24,271,1,96,24,0x913bcedff8dfb6315c7831cfc0d54b338ccce39c,12,,,,,,11.291666666666666,0,1,0,1,0,2,medium,concentrated_pair,Terraforms
0x913bcedff8dfb6315c7831cfc0d54b338ccce39c,1,24,24,271,1,100,24,0x30d49816074334bd6a95dfbec011c083d63404b4,12,,,,,,11.291666666666666,0,1,0,1,0,2,medium,concentrated_pair,Terraforms
0x7570870659786777e563fb957c968d76ee71eceb,1,29,29,244,1,100,29,0x76f89fe4a717eb1902b701549af8d1e1a4067bae,14,,,,,,8.413793103448276,0,1,0,1,0,2,medium,concentrated_pair,Terraforms
0x76f89fe4a717eb1902b701549af8d1e1a4067bae,1,29,29,244,1,100,29,0x7570870659786777e563fb957c968d76ee71eceb,14,,,,,,8.413793103448276,0,1,0,1,0,2,medium,concentrated_pair,Terraforms
0xc3729aa1693ae9a80fd7c38841b0910ae945a468,1,22,22,200,1,100,22,0xf29f8b8e2ed3b9d18e99d4d2c874c803d0acaa52,11,,,,,,9.090909090909092,0,1,0,1,0,2,medium,concentrated_pair,Terraforms
0xf29f8b8e2ed3b9d18e99d4d2c874c803d0acaa52,1,22,22,200,1,92,22,0xc3729aa1693ae9a80fd7c38841b0910ae945a468,11,,,,,,9.090909090909092,0,1,0,1,0,2,medium,concentrated_pair,Terraforms
0x90d6f2b757c8ca57cd68743035186415789d34fd,1,28,28,138,1,93,28,0xc1c9e5d91d212d1dff008443b6c00a0f002b1a9c,14,,,,,,4.928571428571429,0,1,0,1,0,2,medium,concentrated_pair,Meebits
0xc1c9e5d91d212d1dff008443b6c00a0f002b1a9c,1,28,28,138,1,100,28,0x90d6f2b757c8ca57cd68743035186415789d34fd,14,,,,,,4.928571428571429,0,1,0,1,0,2,medium,concentrated_pair,Meebits
0xd7fc4ab828afc1bb4b217f337f1777ca856efd12,1,33,33,132,1,100,33,0xec08d9464944345f1483f16a91c5186d8622637c,16,,,,,,4,0,1,0,1,0,2,medium,concentrated_pair,Meebits
0xec08d9464944345f1483f16a91c5186d8622637c,1,33,33,132,1,100,33,0xd7fc4ab828afc1bb4b217f337f1777ca856efd12,16,,,,,,4,0,1,0,1,0,2,medium,concentrated_pair,Meebits
0x9cbc3b1435f84b3b30dd684bca287d1b1fb2a8a8,1,20,20,109,1,91,20,0xf1bd1aba7d01a772814af74261a156da6e3210ec,10,,,,,,5.45,0,1,0,1,0,2,medium,concentrated_pair,Meebits
0xf1bd1aba7d01a772814af74261a156da6e3210ec,1,20,20,109,1,100,20,0x9cbc3b1435f84b3b30dd684bca287d1b1fb2a8a8,10,,,,,,5.45,0,1,0,1,0,2,medium,concentrated_pair,Meebits
0x48aabab1e5224540dfd31e48ded0ba6725185c93,2,34,61,2529,1,48,34,0x051858fc4fe71a2c8ff254237969881be369bc9e| 0x8a527369df868cc46e7f781e6ae55bb278507e4e,30,,,,,,41.459016393442624,0,1,0,0,0,1,low,multi_pair_operator,Meebits
0x0113637dd65dd04accc4c54f4408c362dffeceaf,1,39,39,497,8,100,5,0xbc35670d0ba21ce20b70fc8a55af259b69d14da2,18,,,,,,12.743589743589743,0,1,0,0,0,1,low,inventory_shuffle_review,Terraforms
0xbc35670d0ba21ce20b70fc8a55af259b69d14da2,1,39,39,497,8,100,5,0x0113637dd65dd04accc4c54f4408c362dffeceaf,18,,,,,,12.743589743589743,0,1,0,0,0,1,low,inventory_shuffle_review,Terraforms
0x8824624faada1352833f6f2d8e9c23a79b41bf87,1,20,20,995,13,91,2,0xb84f6da1b9accee009bdaba61573179b666b0d1a,,,,,,,49.75,0,0,0,0,0,0,none,inventory_shuffle_review,Terraforms
0xb84f6da1b9accee009bdaba61573179b666b0d1a,1,20,20,995,13,95,2,0x8824624faada1352833f6f2d8e9c23a79b41bf87,,,,,,,49.75,0,0,0,0,0,0,none,inventory_shuffle_review,Terraforms
